element_id,parentelement_id,cat1,cat2,num1,num2,num3,num4,num5,num6,num7,num8,num9,num10
Parent_1,None,d,e,93.7795917686,33.7939278809,35.9901356639,40.7492416394,22.2133302877,61.545370194,26.9009347444,9.18826664893,20.6370215783,57.9804903182
Parent_2,None,a,j,20.984651477,56.1107834406,5.04647337825,76.7509752031,35.468042231,47.9787465593,89.5026320017,90.5441985293,68.8883618573,32.5418814331
Parent_3,None,a,d,21.8876621944,28.9759078433,25.7779629897,96.442677885,90.5736058329,47.5942200503,11.434480827,25.4788722202,54.7764302628,15.3484948599
Parent_4,None,d,a,26.7906117282,1.81661233345,38.0766417172,69.9209767172,87.7372552549,65.5693975961,74.3568079892,13.6333504429,59.2033024158,94.158310399
Parent_5,None,a,e,58.007318258,45.0877010946,88.8245012288,11.6501058814,70.7656488176,46.3921242946,23.0570739893,32.9234409492,80.2404056586,70.6455556933
